{
    "meta": {
        "num_tuples": 2825014,
        "num_attributes": 11,
        "num_attributes_in_BN": 11,
        "all_attributes": [
            "238",
            "239",
            "240",
            "241",
            "242",
            "243",
            "244",
            "245",
            "246",
            "247",
            "248"
        ],
        "candidate_keys": [],
        "non_categorical_string_attributes": [],
        "attributes_in_BN": [
            "238",
            "239",
            "240",
            "241",
            "242",
            "243",
            "244",
            "245",
            "246",
            "247",
            "248"
        ]
    },
    "attribute_description": {
        "238": {
            "name": "238",
            "data_type": "Integer",
            "is_categorical": false,
            "is_candidate_key": false,
            "min": 0,
            "max": 100,
            "missing_rate": 0.009858004243518794,
            "distribution_bins": [
                0.0,
                5.0,
                10.0,
                15.0,
                20.0,
                25.0,
                30.0,
                35.0,
                40.0,
                45.0,
                50.0,
                55.0,
                60.0,
                65.0,
                70.0,
                75.0,
                80.0,
                85.0,
                90.0,
                95.0
            ],
            "distribution_probabilities": [
                0.008981968929520598,
                0.0037792149369500947,
                0.00351422219941958,
                0.00480308972062982,
                0.00504483294781531,
                0.021797406951397157,
                0.0204871576664775,
                0.019965519337485867,
                0.020920004807277785,
                0.04349934677914584,
                0.07438059593814855,
                0.03410179505650602,
                0.05476476631962254,
                0.08559295924349271,
                0.2243253167960127,
                0.09963052747517372,
                0.09586074178912944,
                0.06501443426751283,
                0.05907025422988529,
                0.05446584460839668
            ]
        },
        "239": {
            "name": "239",
            "data_type": "Integer",
            "is_categorical": false,
            "is_candidate_key": false,
            "min": 0,
            "max": 100,
            "missing_rate": 0.01066012416221654,
            "distribution_bins": [
                0.0,
                5.0,
                10.0,
                15.0,
                20.0,
                25.0,
                30.0,
                35.0,
                40.0,
                45.0,
                50.0,
                55.0,
                60.0,
                65.0,
                70.0,
                75.0,
                80.0,
                85.0,
                90.0,
                95.0
            ],
            "distribution_probabilities": [
                0.012043841369188584,
                0.007388711748040409,
                0.006207015942055607,
                0.00811465036261593,
                0.008121093330800164,
                0.03635730026415914,
                0.03527560700902094,
                0.02841356790201678,
                0.025703443083679528,
                0.03640122596298843,
                0.060527913278272415,
                0.03490863936744366,
                0.05705596161098821,
                0.07711206803235884,
                0.17107444401760596,
                0.08796035537293173,
                0.09282125580509143,
                0.07152362301583713,
                0.07508467252765459,
                0.0679046099972505
            ]
        },
        "240": {
            "name": "240",
            "data_type": "Integer",
            "is_categorical": false,
            "is_candidate_key": false,
            "min": 0,
            "max": 100,
            "missing_rate": 0.011188617118357643,
            "distribution_bins": [
                0.0,
                5.0,
                10.0,
                15.0,
                20.0,
                25.0,
                30.0,
                35.0,
                40.0,
                45.0,
                50.0,
                55.0,
                60.0,
                65.0,
                70.0,
                75.0,
                80.0,
                85.0,
                90.0,
                95.0
            ],
            "distribution_probabilities": [
                0.008153631805870188,
                0.003851587532914437,
                0.0033751651730919694,
                0.003952171231050549,
                0.005157884860787516,
                0.021048307218089837,
                0.0208290849748687,
                0.017962066020576803,
                0.018931391313891006,
                0.04053915917563589,
                0.07073315023489321,
                0.04096881857086773,
                0.06686116650703959,
                0.09019765179407893,
                0.20538079526743896,
                0.107497699550632,
                0.10364945969951674,
                0.06887952303696253,
                0.055043086573764506,
                0.046988199458028915
            ]
        },
        "241": {
            "name": "241",
            "data_type": "Integer",
            "is_categorical": false,
            "is_candidate_key": false,
            "min": 0,
            "max": 100,
            "missing_rate": 0.011949675293644562,
            "distribution_bins": [
                0.0,
                5.0,
                10.0,
                15.0,
                20.0,
                25.0,
                30.0,
                35.0,
                40.0,
                45.0,
                50.0,
                55.0,
                60.0,
                65.0,
                70.0,
                75.0,
                80.0,
                85.0,
                90.0,
                95.0
            ],
            "distribution_probabilities": [
                0.03945394366649239,
                0.03476074795245691,
                0.04011972918860329,
                0.045909909275836096,
                0.048516885806386266,
                0.05035975577248777,
                0.04715139669228785,
                0.0431068546795808,
                0.05391598880142773,
                0.09595434986138987,
                0.07945032339279488,
                0.07080917391638923,
                0.0726299722233038,
                0.06578857745404472,
                0.058975599782453536,
                0.04336411062844671,
                0.03371938010022943,
                0.024878717047316215,
                0.019393534222983795,
                0.03174104953508866
            ]
        },
        "242": {
            "name": "242",
            "data_type": "Integer",
            "is_categorical": false,
            "is_candidate_key": false,
            "min": 0,
            "max": 100,
            "missing_rate": 0.012350027291900146,
            "distribution_bins": [
                0.0,
                5.0,
                10.0,
                15.0,
                20.0,
                25.0,
                30.0,
                35.0,
                40.0,
                45.0,
                50.0,
                55.0,
                60.0,
                65.0,
                70.0,
                75.0,
                80.0,
                85.0,
                90.0,
                95.0
            ],